--drop table OBJECTIVE_OBJECTIVE
--commit
--
--
--select * from PLN_OBJECTIVETYPE
--
insert into PLN_OBJECTIVETYPE (ID, FISCALYEAR, NAME, PARENT_PLN_OBJECTIVETYPE_ID, PARENTPATH, ISLEAF) VALUES (100, 2556, 'ROOT', null, null,0)
insert into PLN_OBJECTIVETYPE (ID, FISCALYEAR, NAME, PARENT_PLN_OBJECTIVETYPE_ID, PARENTPATH, ISLEAF) VALUES (101, 2556, 'แผนงาน', 100, '.100',0)
insert into PLN_OBJECTIVETYPE (ID, FISCALYEAR, NAME, PARENT_PLN_OBJECTIVETYPE_ID, PARENTPATH, ISLEAF) VALUES (102, 2556, 'ผลผลิต/โครงการ', 101, '.101.100',0)
insert into PLN_OBJECTIVETYPE (ID, FISCALYEAR, NAME, PARENT_PLN_OBJECTIVETYPE_ID, PARENTPATH, ISLEAF) VALUES (103, 2556, 'กิจกรรมหลัก', 102, '.102.101.100',0)
insert into PLN_OBJECTIVETYPE (ID, FISCALYEAR, NAME, PARENT_PLN_OBJECTIVETYPE_ID, PARENTPATH, ISLEAF) VALUES (104, 2556, 'กิจกรรมรอง', 103, '.103.102.101.100',0)
insert into PLN_OBJECTIVETYPE (ID, FISCALYEAR, NAME, PARENT_PLN_OBJECTIVETYPE_ID, PARENTPATH, ISLEAF) VALUES (105, 2556, 'กิจกรรมย่อย', 104, '.104.103.102.101.100',0)
insert into PLN_OBJECTIVETYPE (ID, FISCALYEAR, NAME, PARENT_PLN_OBJECTIVETYPE_ID, PARENTPATH, ISLEAF) VALUES (106, 2556, 'กิจกรรมเสริม', 105, '.105.104.103.102.101.100',0)
insert into PLN_OBJECTIVETYPE (ID, FISCALYEAR, NAME, PARENT_PLN_OBJECTIVETYPE_ID, PARENTPATH, ISLEAF) VALUES (107, 2556, 'กิจกรรมสนับสนุน', 106, '.106.105.104.103.102.101.100',0)
insert into PLN_OBJECTIVETYPE (ID, FISCALYEAR, NAME, PARENT_PLN_OBJECTIVETYPE_ID, PARENTPATH, ISLEAF) VALUES (108, 2556, 'กิจกรรมอื่นๆ', 107, '107.106.105.104.103.102.101.100', 1)


--select * from objective
Insert into PLN_OBJECTIVE (ID,CODE,FISCALYEAR,IDX,ISLEAF,NAME,PARENTPATH,PARENT_PLN_OBJECTIVE_ID,TYPE_PLN_OBJECTIVETYPE_ID) values (100,null,2556,0,0,'ROOT',null,null,100)

Insert into PLN_OBJECTIVE (ID,CODE,FISCALYEAR,IDX,ISLEAF,NAME,PARENTPATH,PARENT_PLN_OBJECTIVE_ID,TYPE_PLN_OBJECTIVETYPE_ID) values (101,null,2556,0,0,'การส่งเสริมการบริหารจัดการน้ำอย่างบูรณาการ','.100',100,101)
Insert into PLN_OBJECTIVE (ID,CODE,FISCALYEAR,IDX,ISLEAF,NAME,PARENTPATH,PARENT_PLN_OBJECTIVE_ID,TYPE_PLN_OBJECTIVETYPE_ID) values (102,null,2556,1,0,'แก้ไขปัญหาและพัฒนาจังหวัดชายแดนภาคใต้','.100',100,101)
Insert into PLN_OBJECTIVE (ID,CODE,FISCALYEAR,IDX,ISLEAF,NAME,PARENTPATH,PARENT_PLN_OBJECTIVE_ID,TYPE_PLN_OBJECTIVETYPE_ID) values (103,null,2556,2,0,'ส่งเสริมประสิทธิภาพการผลิตและสร้างมูลค่าภาคเกษตร','.100',100,101)
Insert into PLN_OBJECTIVE (ID,CODE,FISCALYEAR,IDX,ISLEAF,NAME,PARENTPATH,PARENT_PLN_OBJECTIVE_ID,TYPE_PLN_OBJECTIVETYPE_ID) values (105,null,2556,0,0,'โครงการพัฒนาแหล่งน้ำชุมชน','.101.100',101,102)
Insert into PLN_OBJECTIVE (ID,CODE,FISCALYEAR,IDX,ISLEAF,NAME,PARENTPATH,PARENT_PLN_OBJECTIVE_ID,TYPE_PLN_OBJECTIVETYPE_ID) values (106,null,2556,1,0,'โครงการก่อสร้างแหล่งน้ำในไร่นานอกเขตชลประทาน','.101.100',101,102)
Insert into PLN_OBJECTIVE (ID,CODE,FISCALYEAR,IDX,ISLEAF,NAME,PARENTPATH,PARENT_PLN_OBJECTIVE_ID,TYPE_PLN_OBJECTIVETYPE_ID) values (107,null,2556,0,0,'เขตการใช้ที่ดินเพื่อการเกษตร','.103.100',103,102)
Insert into PLN_OBJECTIVE (ID,CODE,FISCALYEAR,IDX,ISLEAF,NAME,PARENTPATH,PARENT_PLN_OBJECTIVE_ID,TYPE_PLN_OBJECTIVETYPE_ID) values (108,null,2556,1,1,'เกษตรกรได้รับการส่งเสริมและพัฒนาศักยภาพด้านการพัฒนาที่ดิน','.103.100',103,102)
Insert into PLN_OBJECTIVE (ID,CODE,FISCALYEAR,IDX,ISLEAF,NAME,PARENTPATH,PARENT_PLN_OBJECTIVE_ID,TYPE_PLN_OBJECTIVETYPE_ID) values (109,null,2556,2,1,'ทรัพยากรที่ดินและน้ำได้รับการพัฒนา','.103.100',103,102)
Insert into PLN_OBJECTIVE (ID,CODE,FISCALYEAR,IDX,ISLEAF,NAME,PARENTPATH,PARENT_PLN_OBJECTIVE_ID,TYPE_PLN_OBJECTIVETYPE_ID) values (104,null,2556,0,0,'โครงการส่งเสริมอาชีพด้านการเกษตรในจังหวัดชายแดนภาคใต้','.102.101.100',102,102)
Insert into PLN_OBJECTIVE (ID,CODE,FISCALYEAR,IDX,ISLEAF,NAME,PARENTPATH,PARENT_PLN_OBJECTIVE_ID,TYPE_PLN_OBJECTIVETYPE_ID) values (110,null,2556,0,0,'การก่อสร้างแหล่งน้ำชุมชน','.105.101.100',105,103)
Insert into PLN_OBJECTIVE (ID,CODE,FISCALYEAR,IDX,ISLEAF,NAME,PARENTPATH,PARENT_PLN_OBJECTIVE_ID,TYPE_PLN_OBJECTIVETYPE_ID) values (119,null,2556,0,0,'การก่อสร้างแหล่งน้ำในไร่นานอกเขตชลประทาน','.106.101.100',106,103)
Insert into PLN_OBJECTIVE (ID,CODE,FISCALYEAR,IDX,ISLEAF,NAME,PARENTPATH,PARENT_PLN_OBJECTIVE_ID,TYPE_PLN_OBJECTIVETYPE_ID) values (124,null,2556,0,0,'กำหนดเขตการใช้ที่ดิน','.107.103.100',107,103)
Insert into PLN_OBJECTIVE (ID,CODE,FISCALYEAR,IDX,ISLEAF,NAME,PARENTPATH,PARENT_PLN_OBJECTIVE_ID,TYPE_PLN_OBJECTIVETYPE_ID) values (185,null,2556,1,0,'วิจัยพัฒนาที่ดินและเทคโนโลยีชีวภาพเพื่อเพิ่มผลผลิต','.107.103.100',107,103)
Insert into PLN_OBJECTIVE (ID,CODE,FISCALYEAR,IDX,ISLEAF,NAME,PARENTPATH,PARENT_PLN_OBJECTIVE_ID,TYPE_PLN_OBJECTIVETYPE_ID) values (236,null,2556,1,1,'ค่าติดตามการใช้ประโยชน์และจัดทำค่าพิกัด','119.106.101.100',119,104)
Insert into PLN_OBJECTIVE (ID,CODE,FISCALYEAR,IDX,ISLEAF,NAME,PARENTPATH,PARENT_PLN_OBJECTIVE_ID,TYPE_PLN_OBJECTIVETYPE_ID) values (150,null,2556,8,0,'การสำรวจและวางแผนการใช้ที่ดินพื้นที่เฉพาะ ','124.107.103.100',124,104)
Insert into PLN_OBJECTIVE (ID,CODE,FISCALYEAR,IDX,ISLEAF,NAME,PARENTPATH,PARENT_PLN_OBJECTIVE_ID,TYPE_PLN_OBJECTIVETYPE_ID) values (166,null,2556,9,1,'การเพิ่มเติมและพัฒนาข้อมูลในพิพิทธภัณฑ์ดิน','124.107.103.100',124,104)
Insert into PLN_OBJECTIVE (ID,CODE,FISCALYEAR,IDX,ISLEAF,NAME,PARENTPATH,PARENT_PLN_OBJECTIVE_ID,TYPE_PLN_OBJECTIVETYPE_ID) values (167,null,2556,10,1,'ค่าบำรุงภาคีอนุสัญญาสหประชาชาติว่าด้วยการต่อต้านการแปรสภาพเป็นทะเลทราย (UNCCD)','124.107.103.100',124,104)
Insert into PLN_OBJECTIVE (ID,CODE,FISCALYEAR,IDX,ISLEAF,NAME,PARENTPATH,PARENT_PLN_OBJECTIVE_ID,TYPE_PLN_OBJECTIVETYPE_ID) values (168,null,2556,11,1,'ค่าสมาชิกสมาคมดินถล่มระหว่างประเทศ (ICL) ','124.107.103.100',124,104)
Insert into PLN_OBJECTIVE (ID,CODE,FISCALYEAR,IDX,ISLEAF,NAME,PARENTPATH,PARENT_PLN_OBJECTIVE_ID,TYPE_PLN_OBJECTIVETYPE_ID) values (169,null,2556,12,1,'ค่าสมาชิกสมาคมอนุรักษ์ดินและน้ำโลก (WASWC) ','124.107.103.100',124,104)
Insert into PLN_OBJECTIVE (ID,CODE,FISCALYEAR,IDX,ISLEAF,NAME,PARENTPATH,PARENT_PLN_OBJECTIVE_ID,TYPE_PLN_OBJECTIVETYPE_ID) values (170,null,2556,13,1,'โครงการความร่วมมือกับ IRD ','124.107.103.100',124,104)
Insert into PLN_OBJECTIVE (ID,CODE,FISCALYEAR,IDX,ISLEAF,NAME,PARENTPATH,PARENT_PLN_OBJECTIVE_ID,TYPE_PLN_OBJECTIVETYPE_ID) values (171,null,2556,14,0,'โครงการแผนความร่วมมือทางเศรษฐกิจและแผนปฏิบัติการไทย - กัมพูชา - พม่า - ลาว (ACMECS) ','124.107.103.100',124,104)
Insert into PLN_OBJECTIVE (ID,CODE,FISCALYEAR,IDX,ISLEAF,NAME,PARENTPATH,PARENT_PLN_OBJECTIVE_ID,TYPE_PLN_OBJECTIVETYPE_ID) values (121,null,2556,0,0,'ส่งเสริมอาชีพด้านการเกษตรในจังหวัดชายแดนภาคใต้','.104.102.101.100',104,103)
Insert into PLN_OBJECTIVE (ID,CODE,FISCALYEAR,IDX,ISLEAF,NAME,PARENTPATH,PARENT_PLN_OBJECTIVE_ID,TYPE_PLN_OBJECTIVETYPE_ID) values (111,null,2556,0,0,'ค่าสำรวจออกแบบและควบคุมแหล่งน้ำ','.110.105.101.100',110,104)
Insert into PLN_OBJECTIVE (ID,CODE,FISCALYEAR,IDX,ISLEAF,NAME,PARENTPATH,PARENT_PLN_OBJECTIVE_ID,TYPE_PLN_OBJECTIVETYPE_ID) values (117,null,2556,1,1,'การจัดตั้งกลุ่มเกษตรกรผู้ใช้น้ำและการฝึกอบรม','.110.105.101.100',110,104)
Insert into PLN_OBJECTIVE (ID,CODE,FISCALYEAR,IDX,ISLEAF,NAME,PARENTPATH,PARENT_PLN_OBJECTIVE_ID,TYPE_PLN_OBJECTIVETYPE_ID) values (115,null,2556,2,0,'ค่าก่อสร้างแหล่งน้ำ','.110.105.101.100',110,104)
Insert into PLN_OBJECTIVE (ID,CODE,FISCALYEAR,IDX,ISLEAF,NAME,PARENTPATH,PARENT_PLN_OBJECTIVE_ID,TYPE_PLN_OBJECTIVETYPE_ID) values (120,null,2556,0,1,'ค่าก่อสร้างแหล่งน้ำในไร่นา','.119.106.101.100',119,104)
Insert into PLN_OBJECTIVE (ID,CODE,FISCALYEAR,IDX,ISLEAF,NAME,PARENTPATH,PARENT_PLN_OBJECTIVE_ID,TYPE_PLN_OBJECTIVETYPE_ID) values (125,null,2556,0,0,'รายจ่ายประจำขั้นต่ำ','.124.107.103.100',124,104)
Insert into PLN_OBJECTIVE (ID,CODE,FISCALYEAR,IDX,ISLEAF,NAME,PARENTPATH,PARENT_PLN_OBJECTIVE_ID,TYPE_PLN_OBJECTIVETYPE_ID) values (128,null,2556,1,1,'พนักงานราชการ','.124.107.103.100',124,104)
Insert into PLN_OBJECTIVE (ID,CODE,FISCALYEAR,IDX,ISLEAF,NAME,PARENTPATH,PARENT_PLN_OBJECTIVE_ID,TYPE_PLN_OBJECTIVETYPE_ID) values (129,null,2556,2,0,'อำนวยการ','.124.107.103.100',124,104)
Insert into PLN_OBJECTIVE (ID,CODE,FISCALYEAR,IDX,ISLEAF,NAME,PARENTPATH,PARENT_PLN_OBJECTIVE_ID,TYPE_PLN_OBJECTIVETYPE_ID) values (134,null,2556,3,1,'โครงการปรับปรุงฐานข้อมูลทรัพยากรดินเบื้องต้นลงบนภาพถ่ายออร์โธสี ระยะที่ 1','.124.107.103.100',124,104)
Insert into PLN_OBJECTIVE (ID,CODE,FISCALYEAR,IDX,ISLEAF,NAME,PARENTPATH,PARENT_PLN_OBJECTIVE_ID,TYPE_PLN_OBJECTIVETYPE_ID) values (135,null,2556,4,1,'การสำรวจและจัดทำแผนที่สภาพการใช้ที่ดิน มาตราส่วน 1:25,000','.124.107.103.100',124,104)
Insert into PLN_OBJECTIVE (ID,CODE,FISCALYEAR,IDX,ISLEAF,NAME,PARENTPATH,PARENT_PLN_OBJECTIVE_ID,TYPE_PLN_OBJECTIVETYPE_ID) values (136,null,2556,5,0,'โครงการวางแผนการใช้ที่ดินระดับตำบล','.124.107.103.100',124,104)
Insert into PLN_OBJECTIVE (ID,CODE,FISCALYEAR,IDX,ISLEAF,NAME,PARENTPATH,PARENT_PLN_OBJECTIVE_ID,TYPE_PLN_OBJECTIVETYPE_ID) values (140,null,2556,6,0,'โครงการวางแผนการใช้ที่ดินระดับลุ่มน้ำสาขา มาตราส่วน 1:25,000','.124.107.103.100',124,104)
Insert into PLN_OBJECTIVE (ID,CODE,FISCALYEAR,IDX,ISLEAF,NAME,PARENTPATH,PARENT_PLN_OBJECTIVE_ID,TYPE_PLN_OBJECTIVETYPE_ID) values (145,null,2556,7,0,'จัดทำเขตการใช้ที่ดินตามความเหมาะสมของดินกับการปลูกพืชเศรษฐกิจ ','.124.107.103.100',124,104)
Insert into PLN_OBJECTIVE (ID,CODE,FISCALYEAR,IDX,ISLEAF,NAME,PARENTPATH,PARENT_PLN_OBJECTIVE_ID,TYPE_PLN_OBJECTIVETYPE_ID) values (184,null,2556,15,1,'สนับสนุนนโยบาย ','.124.107.103.100',124,104)
Insert into PLN_OBJECTIVE (ID,CODE,FISCALYEAR,IDX,ISLEAF,NAME,PARENTPATH,PARENT_PLN_OBJECTIVE_ID,TYPE_PLN_OBJECTIVETYPE_ID) values (186,null,2556,0,0,'รายจ่ายประจำขั้นต่ำ ','.185.107.103.100',185,104)
Insert into PLN_OBJECTIVE (ID,CODE,FISCALYEAR,IDX,ISLEAF,NAME,PARENTPATH,PARENT_PLN_OBJECTIVE_ID,TYPE_PLN_OBJECTIVETYPE_ID) values (189,null,2556,1,1,'พนักงานราชการ ','.185.107.103.100',185,104)
Insert into PLN_OBJECTIVE (ID,CODE,FISCALYEAR,IDX,ISLEAF,NAME,PARENTPATH,PARENT_PLN_OBJECTIVE_ID,TYPE_PLN_OBJECTIVETYPE_ID) values (190,null,2556,2,0,'อำนวยการ ','.185.107.103.100',185,104)
Insert into PLN_OBJECTIVE (ID,CODE,FISCALYEAR,IDX,ISLEAF,NAME,PARENTPATH,PARENT_PLN_OBJECTIVE_ID,TYPE_PLN_OBJECTIVETYPE_ID) values (193,null,2556,3,0,'สำนักผู้เชี่ยวชาญ ','.185.107.103.100',185,104)
Insert into PLN_OBJECTIVE (ID,CODE,FISCALYEAR,IDX,ISLEAF,NAME,PARENTPATH,PARENT_PLN_OBJECTIVE_ID,TYPE_PLN_OBJECTIVETYPE_ID) values (219,null,2556,4,0,'โครงการวิจัย ','.185.107.103.100',185,104)
Insert into PLN_OBJECTIVE (ID,CODE,FISCALYEAR,IDX,ISLEAF,NAME,PARENTPATH,PARENT_PLN_OBJECTIVE_ID,TYPE_PLN_OBJECTIVETYPE_ID) values (232,null,2556,5,1,'สนับสนุนการประชุมวิชาการและจัดพิมพ์รายงาน ','.185.107.103.100',185,104)
Insert into PLN_OBJECTIVE (ID,CODE,FISCALYEAR,IDX,ISLEAF,NAME,PARENTPATH,PARENT_PLN_OBJECTIVE_ID,TYPE_PLN_OBJECTIVETYPE_ID) values (233,null,2556,6,1,'วัสดุจัดพิมพ์รายงาน ผลงาน และทะเบียนวิจัย ','.185.107.103.100',185,104)
Insert into PLN_OBJECTIVE (ID,CODE,FISCALYEAR,IDX,ISLEAF,NAME,PARENTPATH,PARENT_PLN_OBJECTIVE_ID,TYPE_PLN_OBJECTIVETYPE_ID) values (234,null,2556,7,1,'โครงการวิจัยต่อเนื่อง ','.185.107.103.100',185,104)
Insert into PLN_OBJECTIVE (ID,CODE,FISCALYEAR,IDX,ISLEAF,NAME,PARENTPATH,PARENT_PLN_OBJECTIVE_ID,TYPE_PLN_OBJECTIVETYPE_ID) values (235,null,2556,8,1,'โครงการวิจัยตามนโยบายกรมฯ ','.185.107.103.100',185,104)
Insert into PLN_OBJECTIVE (ID,CODE,FISCALYEAR,IDX,ISLEAF,NAME,PARENTPATH,PARENT_PLN_OBJECTIVE_ID,TYPE_PLN_OBJECTIVETYPE_ID) values (178,null,2556,1,0,'โครงการความร่วมมือทางเศรษฐกิจไทย - กัมพูชา ','171.124.107.103.100',171,105)
Insert into PLN_OBJECTIVE (ID,CODE,FISCALYEAR,IDX,ISLEAF,NAME,PARENTPATH,PARENT_PLN_OBJECTIVE_ID,TYPE_PLN_OBJECTIVETYPE_ID) values (112,null,2556,0,0,'ค่าสำรวจออกแบบแหล่งน้ำ','.111.110.105.101.100',111,105)
Insert into PLN_OBJECTIVE (ID,CODE,FISCALYEAR,IDX,ISLEAF,NAME,PARENTPATH,PARENT_PLN_OBJECTIVE_ID,TYPE_PLN_OBJECTIVETYPE_ID) values (113,null,2556,1,0,'ค่าควบคุมการก่อสร้าง','.111.110.105.101.100',111,105)
Insert into PLN_OBJECTIVE (ID,CODE,FISCALYEAR,IDX,ISLEAF,NAME,PARENTPATH,PARENT_PLN_OBJECTIVE_ID,TYPE_PLN_OBJECTIVETYPE_ID) values (116,null,2556,1,1,'แหล่งน้ำชุมชน','.115.110.105.101.100',115,105)
Insert into PLN_OBJECTIVE (ID,CODE,FISCALYEAR,IDX,ISLEAF,NAME,PARENTPATH,PARENT_PLN_OBJECTIVE_ID,TYPE_PLN_OBJECTIVETYPE_ID) values (122,null,2556,0,1,'ปรับปรุงพื้นที่นาร้างเพื่อปลูกปาล์มน้ำมัน (งบปกติ) - จัดทำระบบอนุรักษ์ดินและน้ำ (ขุดคูยกร่อง) เพื่อปลูกปาล์มน้ำมัน','.121.104.102.101.100',121,104)
Insert into PLN_OBJECTIVE (ID,CODE,FISCALYEAR,IDX,ISLEAF,NAME,PARENTPATH,PARENT_PLN_OBJECTIVE_ID,TYPE_PLN_OBJECTIVETYPE_ID) values (123,null,2556,1,1,'ปรับปรุงพื้นที่นาร้างเพื่อปลูกข้าว (ปกติ)','.121.104.102.101.100',121,104)
Insert into PLN_OBJECTIVE (ID,CODE,FISCALYEAR,IDX,ISLEAF,NAME,PARENTPATH,PARENT_PLN_OBJECTIVE_ID,TYPE_PLN_OBJECTIVETYPE_ID) values (126,null,2556,0,1,'เงินเดือน','.125.124.107.103.100',125,105)
Insert into PLN_OBJECTIVE (ID,CODE,FISCALYEAR,IDX,ISLEAF,NAME,PARENTPATH,PARENT_PLN_OBJECTIVE_ID,TYPE_PLN_OBJECTIVETYPE_ID) values (127,null,2556,1,1,'ค่าจ้างประจำ','.125.124.107.103.100',125,105)
Insert into PLN_OBJECTIVE (ID,CODE,FISCALYEAR,IDX,ISLEAF,NAME,PARENTPATH,PARENT_PLN_OBJECTIVE_ID,TYPE_PLN_OBJECTIVETYPE_ID) values (130,null,2556,0,1,'อำนวยการบริหารทั่วไป','.129.124.107.103.100',129,105)
Insert into PLN_OBJECTIVE (ID,CODE,FISCALYEAR,IDX,ISLEAF,NAME,PARENTPATH,PARENT_PLN_OBJECTIVE_ID,TYPE_PLN_OBJECTIVETYPE_ID) values (131,null,2556,1,1,'จ้างเหมา (ทำความสะอาดกรมฯ คนงานสนาม รักษาความปลอดภัย บำรุงลิฟต์และค่าอะไหล่ และเติมน้ำยาดับกลิ่นห้องน้ำ)','.129.124.107.103.100',129,105)
Insert into PLN_OBJECTIVE (ID,CODE,FISCALYEAR,IDX,ISLEAF,NAME,PARENTPATH,PARENT_PLN_OBJECTIVE_ID,TYPE_PLN_OBJECTIVETYPE_ID) values (132,null,2556,2,1,'เงินประกันสังคม','.129.124.107.103.100',129,105)
Insert into PLN_OBJECTIVE (ID,CODE,FISCALYEAR,IDX,ISLEAF,NAME,PARENTPATH,PARENT_PLN_OBJECTIVE_ID,TYPE_PLN_OBJECTIVETYPE_ID) values (133,null,2556,3,1,'พ.ร.บ. รถยนต์','.129.124.107.103.100',129,105)
Insert into PLN_OBJECTIVE (ID,CODE,FISCALYEAR,IDX,ISLEAF,NAME,PARENTPATH,PARENT_PLN_OBJECTIVE_ID,TYPE_PLN_OBJECTIVETYPE_ID) values (137,null,2556,0,1,'จัดเตรียมฐานข้อมูลต่างๆ ','.136.124.107.103.100',136,105)
Insert into PLN_OBJECTIVE (ID,CODE,FISCALYEAR,IDX,ISLEAF,NAME,PARENTPATH,PARENT_PLN_OBJECTIVE_ID,TYPE_PLN_OBJECTIVETYPE_ID) values (138,null,2556,1,1,'เก็บข้อมูลด้านเศรษฐกิจวิเคราะห์วางแผนและจัดทำรายงาน','.136.124.107.103.100',136,105)
Insert into PLN_OBJECTIVE (ID,CODE,FISCALYEAR,IDX,ISLEAF,NAME,PARENTPATH,PARENT_PLN_OBJECTIVE_ID,TYPE_PLN_OBJECTIVETYPE_ID) values (139,null,2556,2,1,'วางแผนการใช้ที่ดินระดับตำบลสนับสนุนการจัดทำคำรับรองปฏิบัติราชการประจำปี 2555 ','.136.124.107.103.100',136,105)
Insert into PLN_OBJECTIVE (ID,CODE,FISCALYEAR,IDX,ISLEAF,NAME,PARENTPATH,PARENT_PLN_OBJECTIVE_ID,TYPE_PLN_OBJECTIVETYPE_ID) values (141,null,2556,0,1,'โครงการวางแผนการใช้ที่ดินระดับลุ่มน้ำสาขา มาตราส่วน 1:25,000 ','.140.124.107.103.100',140,105)
Insert into PLN_OBJECTIVE (ID,CODE,FISCALYEAR,IDX,ISLEAF,NAME,PARENTPATH,PARENT_PLN_OBJECTIVE_ID,TYPE_PLN_OBJECTIVETYPE_ID) values (142,null,2556,1,1,'การสำรวจสภาวะเศรษฐกิจและสังคมเพื่อวางแผนการใช้ที่ดินลุ่มน้ำสาขา ','.140.124.107.103.100',140,105)
Insert into PLN_OBJECTIVE (ID,CODE,FISCALYEAR,IDX,ISLEAF,NAME,PARENTPATH,PARENT_PLN_OBJECTIVE_ID,TYPE_PLN_OBJECTIVETYPE_ID) values (143,null,2556,2,1,'วินิจฉัยคุณภาพและกำลังผลิตของทรัพยากรดินเพื่อกำหนดเขตการใช้ที่ดิน ','.140.124.107.103.100',140,105)
Insert into PLN_OBJECTIVE (ID,CODE,FISCALYEAR,IDX,ISLEAF,NAME,PARENTPATH,PARENT_PLN_OBJECTIVE_ID,TYPE_PLN_OBJECTIVETYPE_ID) values (144,null,2556,2,1,'โครงการพัฒนาปรับปรุงระบบภูมิสารสนเทศการสำรวจดินพื้นที่ลุ่มน้ำสาขา ','.140.124.107.103.100',140,105)
Insert into PLN_OBJECTIVE (ID,CODE,FISCALYEAR,IDX,ISLEAF,NAME,PARENTPATH,PARENT_PLN_OBJECTIVE_ID,TYPE_PLN_OBJECTIVETYPE_ID) values (146,null,2556,0,1,'โครงการสำรวจและจัดทำเขตการใช้ที่ดินสำหรับพืชเศรษฐกิจ','.145.124.107.103.100',145,105)
Insert into PLN_OBJECTIVE (ID,CODE,FISCALYEAR,IDX,ISLEAF,NAME,PARENTPATH,PARENT_PLN_OBJECTIVE_ID,TYPE_PLN_OBJECTIVETYPE_ID) values (147,null,2556,1,1,'โครงการวินิจฉัยคุณภาพและกำลังผลิตของดินตามชั้นความเหมาะสมของดินกับพืชเศรษฐกิจ ','.145.124.107.103.100',145,105)
Insert into PLN_OBJECTIVE (ID,CODE,FISCALYEAR,IDX,ISLEAF,NAME,PARENTPATH,PARENT_PLN_OBJECTIVE_ID,TYPE_PLN_OBJECTIVETYPE_ID) values (148,null,2556,2,1,'การสำรวจและวิเคราะห์ทางเศรษฐกิจเพื่อจัดทำเขตการใช้ที่ดินพืชเศรษฐกิจ ','.145.124.107.103.100',145,105)
Insert into PLN_OBJECTIVE (ID,CODE,FISCALYEAR,IDX,ISLEAF,NAME,PARENTPATH,PARENT_PLN_OBJECTIVE_ID,TYPE_PLN_OBJECTIVETYPE_ID) values (149,null,2556,3,1,'โครงการจัดทำฐานข้อมูลพืชเศรษฐกิจ ','.145.124.107.103.100',145,105)
Insert into PLN_OBJECTIVE (ID,CODE,FISCALYEAR,IDX,ISLEAF,NAME,PARENTPATH,PARENT_PLN_OBJECTIVE_ID,TYPE_PLN_OBJECTIVETYPE_ID) values (151,null,2556,0,1,'การสำรวจทะเบียนรายชื่อพื้นที่ชุ่มน้ำที่มีความสำคัญระดับท้องถิ่น ','.150.124.107.103.100',150,105)
Insert into PLN_OBJECTIVE (ID,CODE,FISCALYEAR,IDX,ISLEAF,NAME,PARENTPATH,PARENT_PLN_OBJECTIVE_ID,TYPE_PLN_OBJECTIVETYPE_ID) values (152,null,2556,1,1,'การกำหนดขอบเขตที่ดินทำกินและวางแผนการใช้ที่ดินชุมชนบนพื้นที่สูง ','.150.124.107.103.100',150,105)
Insert into PLN_OBJECTIVE (ID,CODE,FISCALYEAR,IDX,ISLEAF,NAME,PARENTPATH,PARENT_PLN_OBJECTIVE_ID,TYPE_PLN_OBJECTIVETYPE_ID) values (153,null,2556,2,1,'การกำหนดขอบเขตที่ดินทำกินและวางแผนการใช้ที่ดินขยายผลโครงการหลวง (ในพื้นที่เครือข่ายการเรียนรู้ 180 แห่ง) ','.150.124.107.103.100',150,105)
Insert into PLN_OBJECTIVE (ID,CODE,FISCALYEAR,IDX,ISLEAF,NAME,PARENTPATH,PARENT_PLN_OBJECTIVE_ID,TYPE_PLN_OBJECTIVETYPE_ID) values (154,null,2556,3,1,'การสำรวจและทำแผนที่ความชื้นของดินประเทศไทย ','.150.124.107.103.100',150,105)
Insert into PLN_OBJECTIVE (ID,CODE,FISCALYEAR,IDX,ISLEAF,NAME,PARENTPATH,PARENT_PLN_OBJECTIVE_ID,TYPE_PLN_OBJECTIVETYPE_ID) values (155,null,2556,4,1,'โครงการสำรวจติดตามการแพร่กระจายของคราบเกลือในภาคตะวันออกเฉียงเหนือจากการเปลี่ยนแปลงสภาวะภูมิอากาศ ','.150.124.107.103.100',150,105)
Insert into PLN_OBJECTIVE (ID,CODE,FISCALYEAR,IDX,ISLEAF,NAME,PARENTPATH,PARENT_PLN_OBJECTIVE_ID,TYPE_PLN_OBJECTIVETYPE_ID) values (156,null,2556,5,1,'พัฒนาระบบฐานข้อมูลภูมิสารสนเทศโครงการพัฒนาที่ดินอันเนื่องมาจากพระราชดำริ ','.150.124.107.103.100',150,105)
Insert into PLN_OBJECTIVE (ID,CODE,FISCALYEAR,IDX,ISLEAF,NAME,PARENTPATH,PARENT_PLN_OBJECTIVE_ID,TYPE_PLN_OBJECTIVETYPE_ID) values (157,null,2556,6,0,'การจัดการดินและปุ๋ยและโปรแกรมดินไทย ','.150.124.107.103.100',150,105)
Insert into PLN_OBJECTIVE (ID,CODE,FISCALYEAR,IDX,ISLEAF,NAME,PARENTPATH,PARENT_PLN_OBJECTIVE_ID,TYPE_PLN_OBJECTIVETYPE_ID) values (160,null,2556,7,0,'การจัดทำข้อมูลเพื่อจัดทำระบบอนุรักษ์ดินและน้ำ ','.150.124.107.103.100',150,105)
Insert into PLN_OBJECTIVE (ID,CODE,FISCALYEAR,IDX,ISLEAF,NAME,PARENTPATH,PARENT_PLN_OBJECTIVE_ID,TYPE_PLN_OBJECTIVETYPE_ID) values (163,null,2556,8,1,'การดำเนินงานปรับฐานข้อมูลดินและสภาพการใช้ที่ดินในพื้นที่ศูนย์โครงการหลวง ','.150.124.107.103.100',150,105)
Insert into PLN_OBJECTIVE (ID,CODE,FISCALYEAR,IDX,ISLEAF,NAME,PARENTPATH,PARENT_PLN_OBJECTIVE_ID,TYPE_PLN_OBJECTIVETYPE_ID) values (164,null,2556,9,1,'การกำหนดชั้นสภาพอุณหภูมิดินและสภาพความชื้นดินในบริเวณพื้นที่สูงโครงการหลวง ','.150.124.107.103.100',150,105)
Insert into PLN_OBJECTIVE (ID,CODE,FISCALYEAR,IDX,ISLEAF,NAME,PARENTPATH,PARENT_PLN_OBJECTIVE_ID,TYPE_PLN_OBJECTIVETYPE_ID) values (165,null,2556,10,1,'การศึกษาดินตัวแทนหลักสำหรับการพัฒนาเศรษฐกิจของประเทศไทย ','.150.124.107.103.100',150,105)
Insert into PLN_OBJECTIVE (ID,CODE,FISCALYEAR,IDX,ISLEAF,NAME,PARENTPATH,PARENT_PLN_OBJECTIVE_ID,TYPE_PLN_OBJECTIVETYPE_ID) values (172,null,2556,0,0,'โครงการความร่วมมือทางเศรษฐกิจไทย - ลาว ','.171.124.107.103.100',171,105)
Insert into PLN_OBJECTIVE (ID,CODE,FISCALYEAR,IDX,ISLEAF,NAME,PARENTPATH,PARENT_PLN_OBJECTIVE_ID,TYPE_PLN_OBJECTIVETYPE_ID) values (187,null,2556,0,1,'เงินเดือน ','.186.185.107.103.100',186,105)
Insert into PLN_OBJECTIVE (ID,CODE,FISCALYEAR,IDX,ISLEAF,NAME,PARENTPATH,PARENT_PLN_OBJECTIVE_ID,TYPE_PLN_OBJECTIVETYPE_ID) values (188,null,2556,1,1,'ค่าจ้างประจำ ','.186.185.107.103.100',186,105)
Insert into PLN_OBJECTIVE (ID,CODE,FISCALYEAR,IDX,ISLEAF,NAME,PARENTPATH,PARENT_PLN_OBJECTIVE_ID,TYPE_PLN_OBJECTIVETYPE_ID) values (191,null,2556,0,1,'อำนวยการบริหารทั่วไป ','.190.185.107.103.100',190,105)
Insert into PLN_OBJECTIVE (ID,CODE,FISCALYEAR,IDX,ISLEAF,NAME,PARENTPATH,PARENT_PLN_OBJECTIVE_ID,TYPE_PLN_OBJECTIVETYPE_ID) values (192,null,2556,1,1,'จ้างเหมา (ทำความสะอาดกรมฯ คนงานสนาม รักษาความปลอดภัย บำรุงลิฟต์และค่าอะไหล่ และเติมน้ำยาดับกลิ่นห้องน้ำ) ','.190.185.107.103.100',190,105)
Insert into PLN_OBJECTIVE (ID,CODE,FISCALYEAR,IDX,ISLEAF,NAME,PARENTPATH,PARENT_PLN_OBJECTIVE_ID,TYPE_PLN_OBJECTIVETYPE_ID) values (194,null,2556,0,1,'บริหารสำนักงานผู้เชี่ยวชาญ ','.193.185.107.103.100',193,105)
Insert into PLN_OBJECTIVE (ID,CODE,FISCALYEAR,IDX,ISLEAF,NAME,PARENTPATH,PARENT_PLN_OBJECTIVE_ID,TYPE_PLN_OBJECTIVETYPE_ID) values (195,null,2556,1,0,'ผชช. ด้านปรับปรุงดินเค็ม ','.193.185.107.103.100',193,105)
Insert into PLN_OBJECTIVE (ID,CODE,FISCALYEAR,IDX,ISLEAF,NAME,PARENTPATH,PARENT_PLN_OBJECTIVE_ID,TYPE_PLN_OBJECTIVETYPE_ID) values (197,null,2556,2,0,'ผชช. ด้านเศรษฐกิจที่ดิน ','.193.185.107.103.100',193,105)
Insert into PLN_OBJECTIVE (ID,CODE,FISCALYEAR,IDX,ISLEAF,NAME,PARENTPATH,PARENT_PLN_OBJECTIVE_ID,TYPE_PLN_OBJECTIVETYPE_ID) values (200,null,2556,3,0,'ผชช. ด้านบำรุงดินด้วยอินทรียวัตถุ ','.193.185.107.103.100',193,105)
Insert into PLN_OBJECTIVE (ID,CODE,FISCALYEAR,IDX,ISLEAF,NAME,PARENTPATH,PARENT_PLN_OBJECTIVE_ID,TYPE_PLN_OBJECTIVETYPE_ID) values (202,null,2556,4,0,'ผชช. ด้านอนุรักษ์ดินและน้ำ ','.193.185.107.103.100',193,105)
Insert into PLN_OBJECTIVE (ID,CODE,FISCALYEAR,IDX,ISLEAF,NAME,PARENTPATH,PARENT_PLN_OBJECTIVE_ID,TYPE_PLN_OBJECTIVETYPE_ID) values (204,null,2556,5,0,'ผชช. ด้านสำรวจและจำแนกดิน ','.193.185.107.103.100',193,105)
Insert into PLN_OBJECTIVE (ID,CODE,FISCALYEAR,IDX,ISLEAF,NAME,PARENTPATH,PARENT_PLN_OBJECTIVE_ID,TYPE_PLN_OBJECTIVETYPE_ID) values (206,null,2556,6,0,'ผชช. ด้านวิเคราะห์วิจัยดินทางกายภาพ ','.193.185.107.103.100',193,105)
Insert into PLN_OBJECTIVE (ID,CODE,FISCALYEAR,IDX,ISLEAF,NAME,PARENTPATH,PARENT_PLN_OBJECTIVE_ID,TYPE_PLN_OBJECTIVETYPE_ID) values (208,null,2556,7,0,'ผชช. ด้านปรับปรุงดินเปรี้ยว ','.193.185.107.103.100',193,105)
Insert into PLN_OBJECTIVE (ID,CODE,FISCALYEAR,IDX,ISLEAF,NAME,PARENTPATH,PARENT_PLN_OBJECTIVE_ID,TYPE_PLN_OBJECTIVETYPE_ID) values (211,null,2556,8,0,'ผชช. ด้านวางแผนการใช้ที่ดิน ','.193.185.107.103.100',193,105)
Insert into PLN_OBJECTIVE (ID,CODE,FISCALYEAR,IDX,ISLEAF,NAME,PARENTPATH,PARENT_PLN_OBJECTIVE_ID,TYPE_PLN_OBJECTIVETYPE_ID) values (213,null,2556,9,0,'ผชช. ด้านวิเคราะห์วิจัยดินทางเคมี ','.193.185.107.103.100',193,105)
Insert into PLN_OBJECTIVE (ID,CODE,FISCALYEAR,IDX,ISLEAF,NAME,PARENTPATH,PARENT_PLN_OBJECTIVE_ID,TYPE_PLN_OBJECTIVETYPE_ID) values (215,null,2556,10,0,'ผชช. ด้านการจัดการดินด้วยระบบพืช ','.193.185.107.103.100',193,105)
Insert into PLN_OBJECTIVE (ID,CODE,FISCALYEAR,IDX,ISLEAF,NAME,PARENTPATH,PARENT_PLN_OBJECTIVE_ID,TYPE_PLN_OBJECTIVETYPE_ID) values (217,null,2556,11,0,'ผชช. ด้านวินิจฉัยคุณภาพและกำลังผลิตของดิน ','.193.185.107.103.100',193,105)
Insert into PLN_OBJECTIVE (ID,CODE,FISCALYEAR,IDX,ISLEAF,NAME,PARENTPATH,PARENT_PLN_OBJECTIVE_ID,TYPE_PLN_OBJECTIVETYPE_ID) values (201,null,2556,0,1,'สนับสนุน ผชช. ','.200.185.107.103.100',200,106)
Insert into PLN_OBJECTIVE (ID,CODE,FISCALYEAR,IDX,ISLEAF,NAME,PARENTPATH,PARENT_PLN_OBJECTIVE_ID,TYPE_PLN_OBJECTIVETYPE_ID) values (220,null,2556,0,0,'โครงการวิจัย สวจ. ','.219.185.107.103.100',219,105)
Insert into PLN_OBJECTIVE (ID,CODE,FISCALYEAR,IDX,ISLEAF,NAME,PARENTPATH,PARENT_PLN_OBJECTIVE_ID,TYPE_PLN_OBJECTIVETYPE_ID) values (222,null,2556,1,0,'โครงการวิจัย สสว. ','.219.185.107.103.100',219,105)
Insert into PLN_OBJECTIVE (ID,CODE,FISCALYEAR,IDX,ISLEAF,NAME,PARENTPATH,PARENT_PLN_OBJECTIVE_ID,TYPE_PLN_OBJECTIVETYPE_ID) values (224,null,2556,2,0,'โครงการวิจัย สวฝ. ','.219.185.107.103.100',219,105)
Insert into PLN_OBJECTIVE (ID,CODE,FISCALYEAR,IDX,ISLEAF,NAME,PARENTPATH,PARENT_PLN_OBJECTIVE_ID,TYPE_PLN_OBJECTIVETYPE_ID) values (226,null,2556,3,0,'โครงการวิจัย สภก. ','.219.185.107.103.100',219,105)
Insert into PLN_OBJECTIVE (ID,CODE,FISCALYEAR,IDX,ISLEAF,NAME,PARENTPATH,PARENT_PLN_OBJECTIVE_ID,TYPE_PLN_OBJECTIVETYPE_ID) values (228,null,2556,4,0,'โครงการวิจัย สทช. ','.219.185.107.103.100',219,105)
Insert into PLN_OBJECTIVE (ID,CODE,FISCALYEAR,IDX,ISLEAF,NAME,PARENTPATH,PARENT_PLN_OBJECTIVE_ID,TYPE_PLN_OBJECTIVETYPE_ID) values (230,null,2556,5,0,'โครงการวิจัย สพข. ','.219.185.107.103.100',219,105)
Insert into PLN_OBJECTIVE (ID,CODE,FISCALYEAR,IDX,ISLEAF,NAME,PARENTPATH,PARENT_PLN_OBJECTIVE_ID,TYPE_PLN_OBJECTIVETYPE_ID) values (118,null,2556,0,1,'แหล่งน้ำชุมชน','.112.111.110.105.101.100',112,106)
Insert into PLN_OBJECTIVE (ID,CODE,FISCALYEAR,IDX,ISLEAF,NAME,PARENTPATH,PARENT_PLN_OBJECTIVE_ID,TYPE_PLN_OBJECTIVETYPE_ID) values (114,null,2556,0,1,'แหล่งน้ำชุมชน','.113.111.110.105.101.100',113,106)
Insert into PLN_OBJECTIVE (ID,CODE,FISCALYEAR,IDX,ISLEAF,NAME,PARENTPATH,PARENT_PLN_OBJECTIVE_ID,TYPE_PLN_OBJECTIVETYPE_ID) values (158,null,2556,0,1,'การพัฒนาโปรแกรมดินไทยและธาตุอาหารพืช ','.157.150.124.107.103.100',157,106)
Insert into PLN_OBJECTIVE (ID,CODE,FISCALYEAR,IDX,ISLEAF,NAME,PARENTPATH,PARENT_PLN_OBJECTIVE_ID,TYPE_PLN_OBJECTIVETYPE_ID) values (159,null,2556,1,1,'โครงการพัฒนาและเผยแพร่โปรแกรมคำแนะนำการจัดการดินและปุ๋ยรายแปลงเพื่อเพิ่มประสิทธิภาพการใช้ปุ๋ย ','.157.150.124.107.103.100',157,106)
Insert into PLN_OBJECTIVE (ID,CODE,FISCALYEAR,IDX,ISLEAF,NAME,PARENTPATH,PARENT_PLN_OBJECTIVE_ID,TYPE_PLN_OBJECTIVETYPE_ID) values (161,null,2556,0,1,'สำรวจและจัดทำแผนที่ภูมิประเทศและสำมะโนที่ดิน 1:4,000 ','.160.150.124.107.103.100',160,106)
Insert into PLN_OBJECTIVE (ID,CODE,FISCALYEAR,IDX,ISLEAF,NAME,PARENTPATH,PARENT_PLN_OBJECTIVE_ID,TYPE_PLN_OBJECTIVETYPE_ID) values (162,null,2556,1,1,'วางแผนการใช้ที่ดินอย่างละเอียดระดับไร่นา 1:4,000 ','.160.150.124.107.103.100',160,106)
Insert into PLN_OBJECTIVE (ID,CODE,FISCALYEAR,IDX,ISLEAF,NAME,PARENTPATH,PARENT_PLN_OBJECTIVE_ID,TYPE_PLN_OBJECTIVETYPE_ID) values (173,null,2556,0,1,'การสำรวจเพื่อประเมินศักยภาพของพื้นที่ ','.172.171.124.107.103.100',172,106)
Insert into PLN_OBJECTIVE (ID,CODE,FISCALYEAR,IDX,ISLEAF,NAME,PARENTPATH,PARENT_PLN_OBJECTIVE_ID,TYPE_PLN_OBJECTIVETYPE_ID) values (174,null,2556,1,1,'การอบรมเจ้าหน้าที่ สปป.ลาว ','.172.171.124.107.103.100',172,106)
Insert into PLN_OBJECTIVE (ID,CODE,FISCALYEAR,IDX,ISLEAF,NAME,PARENTPATH,PARENT_PLN_OBJECTIVE_ID,TYPE_PLN_OBJECTIVETYPE_ID) values (175,null,2556,2,1,'การประสานและติดตามผลการดำเนินงาน ','.172.171.124.107.103.100',172,106)
Insert into PLN_OBJECTIVE (ID,CODE,FISCALYEAR,IDX,ISLEAF,NAME,PARENTPATH,PARENT_PLN_OBJECTIVE_ID,TYPE_PLN_OBJECTIVETYPE_ID) values (176,null,2556,3,1,'การส่งเสริมการเรียนรู้การปรับปรุงบำรุงดิน ','.172.171.124.107.103.100',172,106)
Insert into PLN_OBJECTIVE (ID,CODE,FISCALYEAR,IDX,ISLEAF,NAME,PARENTPATH,PARENT_PLN_OBJECTIVE_ID,TYPE_PLN_OBJECTIVETYPE_ID) values (177,null,2556,4,1,'สำรวจดินและวางแผนการใช้ที่ดิน ','.172.171.124.107.103.100',172,106)
Insert into PLN_OBJECTIVE (ID,CODE,FISCALYEAR,IDX,ISLEAF,NAME,PARENTPATH,PARENT_PLN_OBJECTIVE_ID,TYPE_PLN_OBJECTIVETYPE_ID) values (179,null,2556,0,1,'การสำรวจเพื่อประเมินศักยภาพของพื้นที่ ','.178.171.124.107.103.100',178,106)
Insert into PLN_OBJECTIVE (ID,CODE,FISCALYEAR,IDX,ISLEAF,NAME,PARENTPATH,PARENT_PLN_OBJECTIVE_ID,TYPE_PLN_OBJECTIVETYPE_ID) values (180,null,2556,1,1,'การอบรมเจ้าหน้าที่กัมพูชา ','.178.171.124.107.103.100',178,106)
Insert into PLN_OBJECTIVE (ID,CODE,FISCALYEAR,IDX,ISLEAF,NAME,PARENTPATH,PARENT_PLN_OBJECTIVE_ID,TYPE_PLN_OBJECTIVETYPE_ID) values (181,null,2556,2,1,'การประสานและติดตามผลการดำเนินงาน ','.178.171.124.107.103.100',178,106)
Insert into PLN_OBJECTIVE (ID,CODE,FISCALYEAR,IDX,ISLEAF,NAME,PARENTPATH,PARENT_PLN_OBJECTIVE_ID,TYPE_PLN_OBJECTIVETYPE_ID) values (182,null,2556,3,1,'การส่งเสริมการเรียนรู้การปรับปรุงบำรุงดิน ','.178.171.124.107.103.100',178,106)
Insert into PLN_OBJECTIVE (ID,CODE,FISCALYEAR,IDX,ISLEAF,NAME,PARENTPATH,PARENT_PLN_OBJECTIVE_ID,TYPE_PLN_OBJECTIVETYPE_ID) values (183,null,2556,4,1,'สำรวจดินและวางแผนการใช้ที่ดิน ','.178.171.124.107.103.100',178,106)
Insert into PLN_OBJECTIVE (ID,CODE,FISCALYEAR,IDX,ISLEAF,NAME,PARENTPATH,PARENT_PLN_OBJECTIVE_ID,TYPE_PLN_OBJECTIVETYPE_ID) values (196,null,2556,0,1,'สนับสนุน ผชช. ','.195.193.185.107.103.100',195,106)
Insert into PLN_OBJECTIVE (ID,CODE,FISCALYEAR,IDX,ISLEAF,NAME,PARENTPATH,PARENT_PLN_OBJECTIVE_ID,TYPE_PLN_OBJECTIVETYPE_ID) values (198,null,2556,0,1,'สนับสนุน ผชช. ','.197.193.185.107.103.100',197,106)
Insert into PLN_OBJECTIVE (ID,CODE,FISCALYEAR,IDX,ISLEAF,NAME,PARENTPATH,PARENT_PLN_OBJECTIVE_ID,TYPE_PLN_OBJECTIVETYPE_ID) values (199,null,2556,1,1,'งานวิจัย ','.197.193.185.107.103.100',197,106)
Insert into PLN_OBJECTIVE (ID,CODE,FISCALYEAR,IDX,ISLEAF,NAME,PARENTPATH,PARENT_PLN_OBJECTIVE_ID,TYPE_PLN_OBJECTIVETYPE_ID) values (203,null,2556,0,1,'สนับสนุน ผชช. ','.202.193.185.107.103.100',202,106)
Insert into PLN_OBJECTIVE (ID,CODE,FISCALYEAR,IDX,ISLEAF,NAME,PARENTPATH,PARENT_PLN_OBJECTIVE_ID,TYPE_PLN_OBJECTIVETYPE_ID) values (205,null,2556,0,1,'สนับสนุน ผชช. ','.202.193.185.107.103.100',204,106)
Insert into PLN_OBJECTIVE (ID,CODE,FISCALYEAR,IDX,ISLEAF,NAME,PARENTPATH,PARENT_PLN_OBJECTIVE_ID,TYPE_PLN_OBJECTIVETYPE_ID) values (207,null,2556,0,1,'สนับสนุน ผชช. ','.206.193.185.107.103.100',206,106)
Insert into PLN_OBJECTIVE (ID,CODE,FISCALYEAR,IDX,ISLEAF,NAME,PARENTPATH,PARENT_PLN_OBJECTIVE_ID,TYPE_PLN_OBJECTIVETYPE_ID) values (209,null,2556,0,1,'สนับสนุน ผชช. ','.208.193.185.107.103.100',208,106)
Insert into PLN_OBJECTIVE (ID,CODE,FISCALYEAR,IDX,ISLEAF,NAME,PARENTPATH,PARENT_PLN_OBJECTIVE_ID,TYPE_PLN_OBJECTIVETYPE_ID) values (210,null,2556,1,1,'งานวิจัย ','.208.193.185.107.103.100',208,106)
Insert into PLN_OBJECTIVE (ID,CODE,FISCALYEAR,IDX,ISLEAF,NAME,PARENTPATH,PARENT_PLN_OBJECTIVE_ID,TYPE_PLN_OBJECTIVETYPE_ID) values (231,null,2556,0,1,'วิจัยต่อเนื่อง ','.210.219.185.107.103.100',230,106)
Insert into PLN_OBJECTIVE (ID,CODE,FISCALYEAR,IDX,ISLEAF,NAME,PARENTPATH,PARENT_PLN_OBJECTIVE_ID,TYPE_PLN_OBJECTIVETYPE_ID) values (212,null,2556,0,1,'สนับสนุน ผชช. ','.211.193.185.107.103.100',211,106)
Insert into PLN_OBJECTIVE (ID,CODE,FISCALYEAR,IDX,ISLEAF,NAME,PARENTPATH,PARENT_PLN_OBJECTIVE_ID,TYPE_PLN_OBJECTIVETYPE_ID) values (214,null,2556,0,1,'สนับสนุน ผชช. ','.213.193.185.107.103.100',213,106)
Insert into PLN_OBJECTIVE (ID,CODE,FISCALYEAR,IDX,ISLEAF,NAME,PARENTPATH,PARENT_PLN_OBJECTIVE_ID,TYPE_PLN_OBJECTIVETYPE_ID) values (216,null,2556,0,1,'สนับสนุน ผชช. ','.215.193.185.107.103.100',215,106)
Insert into PLN_OBJECTIVE (ID,CODE,FISCALYEAR,IDX,ISLEAF,NAME,PARENTPATH,PARENT_PLN_OBJECTIVE_ID,TYPE_PLN_OBJECTIVETYPE_ID) values (218,null,2556,0,1,'สนับสนุน ผชช. ','.217.193.185.107.103.100',217,106)
Insert into PLN_OBJECTIVE (ID,CODE,FISCALYEAR,IDX,ISLEAF,NAME,PARENTPATH,PARENT_PLN_OBJECTIVE_ID,TYPE_PLN_OBJECTIVETYPE_ID) values (221,null,2556,0,1,'วิจัยต่อเนื่อง ','.220.219.185.107.103.100',220,106)
Insert into PLN_OBJECTIVE (ID,CODE,FISCALYEAR,IDX,ISLEAF,NAME,PARENTPATH,PARENT_PLN_OBJECTIVE_ID,TYPE_PLN_OBJECTIVETYPE_ID) values (223,null,2556,0,1,'วิจัยต่อเนื่อง ','.222.219.185.107.103.100',222,106)
Insert into PLN_OBJECTIVE (ID,CODE,FISCALYEAR,IDX,ISLEAF,NAME,PARENTPATH,PARENT_PLN_OBJECTIVE_ID,TYPE_PLN_OBJECTIVETYPE_ID) values (225,null,2556,0,1,'วิจัยต่อเนื่อง ','.224.219.185.107.103.100',224,106)
Insert into PLN_OBJECTIVE (ID,CODE,FISCALYEAR,IDX,ISLEAF,NAME,PARENTPATH,PARENT_PLN_OBJECTIVE_ID,TYPE_PLN_OBJECTIVETYPE_ID) values (227,null,2556,0,1,'วิจัยต่อเนื่อง ','.226.219.185.107.103.100',226,106)
Insert into PLN_OBJECTIVE (ID,CODE,FISCALYEAR,IDX,ISLEAF,NAME,PARENTPATH,PARENT_PLN_OBJECTIVE_ID,TYPE_PLN_OBJECTIVETYPE_ID) values (229,null,2556,0,1,'วิจัยต่อเนื่อง ','.228.219.185.107.103.100',228,106)



insert into BGT_BUDGETTYPE (ID, NAME, "IDX", PARENT_BGT_BUDGETTYPE_ID, FISCALYEAR, PARENTPATH) values (0,'ROOT',0,NULL,2556, null)
insert into BGT_BUDGETTYPE (ID, NAME, "IDX", PARENT_BGT_BUDGETTYPE_ID, FISCALYEAR, PARENTPATH) values (1,'งบบุคลากร',0,0,2556, '.0')
insert into BGT_BUDGETTYPE (ID, NAME, "IDX", PARENT_BGT_BUDGETTYPE_ID, FISCALYEAR, PARENTPATH) values (2,'งบดำเนินงาน',1,0,2556, '.0')
insert into BGT_BUDGETTYPE (ID, NAME, "IDX", PARENT_BGT_BUDGETTYPE_ID, FISCALYEAR, PARENTPATH) values (3,'งบลงทุน',2,0,2556, '.0')
insert into BGT_BUDGETTYPE (ID, NAME, "IDX", PARENT_BGT_BUDGETTYPE_ID, FISCALYEAR, PARENTPATH) values (4,'งบอุดหนุน',3,0,2556, '.0')
insert into BGT_BUDGETTYPE (ID, NAME, "IDX", PARENT_BGT_BUDGETTYPE_ID, FISCALYEAR, PARENTPATH) values (5,'งบรายจ่ายอื่น',4,0,2556, '.0')
insert into BGT_BUDGETTYPE (ID, NAME, "IDX", PARENT_BGT_BUDGETTYPE_ID, FISCALYEAR, PARENTPATH) values (6,'เงินเดือน',0,1,2556, '.1.0')
insert into BGT_BUDGETTYPE (ID, NAME, "IDX", PARENT_BGT_BUDGETTYPE_ID, FISCALYEAR, PARENTPATH) values (7,'อัตราเดิม',0,6,2556, '.6.1.0')
insert into BGT_BUDGETTYPE (ID, NAME, "IDX", PARENT_BGT_BUDGETTYPE_ID, FISCALYEAR, PARENTPATH) values (8,'อัตราใหม่',1,6,2556, '.6.1.0')
insert into BGT_BUDGETTYPE (ID, NAME, "IDX", PARENT_BGT_BUDGETTYPE_ID, FISCALYEAR, PARENTPATH) values (9,'อัตราเดิม (อัตราใหม่กลางปี)',2,6,2556, '.6.1.0')
insert into BGT_BUDGETTYPE (ID, NAME, "IDX", PARENT_BGT_BUDGETTYPE_ID, FISCALYEAR, PARENTPATH) values (10,'อัตราเกษียณที่ได้รับคืน',3,6,2556, '.6.1.0')
insert into BGT_BUDGETTYPE (ID, NAME, "IDX", PARENT_BGT_BUDGETTYPE_ID, FISCALYEAR, PARENTPATH) values (11,'รายการเงินเดือนอื่น ๆ',4,6,2556, '.6.1.0')
insert into BGT_BUDGETTYPE (ID, NAME, "IDX", PARENT_BGT_BUDGETTYPE_ID, FISCALYEAR, PARENTPATH) values (12,'เงินประจำตำแหน่ง',5,6,2556, '.6.1.0')
insert into BGT_BUDGETTYPE (ID, NAME, "IDX", PARENT_BGT_BUDGETTYPE_ID, FISCALYEAR, PARENTPATH) values (13,'เงิน ต.น.ก.',6,6,2556, '.6.1.0')
insert into BGT_BUDGETTYPE (ID, NAME, "IDX", PARENT_BGT_BUDGETTYPE_ID, FISCALYEAR, PARENTPATH) values (14,'เงิน พ.ป.ผ.',7,6,2556, '.6.1.0')
insert into BGT_BUDGETTYPE (ID, NAME, "IDX", PARENT_BGT_BUDGETTYPE_ID, FISCALYEAR, PARENTPATH) values (15,'เงินเพิ่มค่าวิชา (พ.ค.ว.)',8,6,2556, '.6.1.0')
insert into BGT_BUDGETTYPE (ID, NAME, "IDX", PARENT_BGT_BUDGETTYPE_ID, FISCALYEAR, PARENTPATH) values (16,'เงินเดือนและค่าจ้างประจำ[จังหวัด/เล่มเขียว]',9,6,2556, '.6.1.0')
insert into BGT_BUDGETTYPE (ID, NAME, "IDX", PARENT_BGT_BUDGETTYPE_ID, FISCALYEAR, PARENTPATH) values (17,'เงินเดือนและค่าจ้างประจำ[EvMis]',10,6,2556, '.6.1.0')
insert into BGT_BUDGETTYPE (ID, NAME, "IDX", PARENT_BGT_BUDGETTYPE_ID, FISCALYEAR, PARENTPATH) values (18,'เงิน พ.ก.ม.',11,6,2556, '.6.1.0')
insert into BGT_BUDGETTYPE (ID, NAME, "IDX", PARENT_BGT_BUDGETTYPE_ID, FISCALYEAR, PARENTPATH) values (19,'เงิน พ.ส.ร.',12,6,2556, '.6.1.0')
insert into BGT_BUDGETTYPE (ID, NAME, "IDX", PARENT_BGT_BUDGETTYPE_ID, FISCALYEAR, PARENTPATH) values (20,'เงิน พ.ข.ต.',13,6,2556, '.6.1.0')
insert into BGT_BUDGETTYPE (ID, NAME, "IDX", PARENT_BGT_BUDGETTYPE_ID, FISCALYEAR, PARENTPATH) values (21,'เงิน พ.ค.ช.',14,6,2556, '.6.1.0')
insert into BGT_BUDGETTYPE (ID, NAME, "IDX", PARENT_BGT_BUDGETTYPE_ID, FISCALYEAR, PARENTPATH) values (22,'เงิน ย.ช.',15,6,2556, '.6.1.0')
insert into BGT_BUDGETTYPE (ID, NAME, "IDX", PARENT_BGT_BUDGETTYPE_ID, FISCALYEAR, PARENTPATH) values (23,'เงิน พ.ค.ศ.',16,6,2556, '.6.1.0')
insert into BGT_BUDGETTYPE (ID, NAME, "IDX", PARENT_BGT_BUDGETTYPE_ID, FISCALYEAR, PARENTPATH) values (24,'เงิน ส.ป.พ.',17,6,2556, '.6.1.0')
insert into BGT_BUDGETTYPE (ID, NAME, "IDX", PARENT_BGT_BUDGETTYPE_ID, FISCALYEAR, PARENTPATH) values (25,'เงินค่าตอบแทนรายเดือนสำหรับข้าราชการ',18,6,2556, '.6.1.0')
insert into BGT_BUDGETTYPE (ID, NAME, "IDX", PARENT_BGT_BUDGETTYPE_ID, FISCALYEAR, PARENTPATH) values (26,'เงินช่วยเหลือการครองชีพข้าราชการระดับต้น',19,6,2556, '.6.1.0')
insert into BGT_BUDGETTYPE (ID, NAME, "IDX", PARENT_BGT_BUDGETTYPE_ID, FISCALYEAR, PARENTPATH) values (27,'เงินเพิ่มพิเศษอื่น',20,6,2556, '.6.1.0')
insert into BGT_BUDGETTYPE (ID, NAME, "IDX", PARENT_BGT_BUDGETTYPE_ID, FISCALYEAR, PARENTPATH) values (28,'ค่าจ้างประจำ',1,1,2556, '.1.0')
insert into BGT_BUDGETTYPE (ID, NAME, "IDX", PARENT_BGT_BUDGETTYPE_ID, FISCALYEAR, PARENTPATH) values (29,'อัตราเดิม (ค่าจ้างประจำ)',0,28,2556, '.28.1.0')
insert into BGT_BUDGETTYPE (ID, NAME, "IDX", PARENT_BGT_BUDGETTYPE_ID, FISCALYEAR, PARENTPATH) values (30,'อัตราใหม่ (ค่าจ้างประจำ)',1,28,2556, '.28.1.0')
insert into BGT_BUDGETTYPE (ID, NAME, "IDX", PARENT_BGT_BUDGETTYPE_ID, FISCALYEAR, PARENTPATH) values (31,'อัตราเดิม (อัตราใหม่กลางปี) (ค่าจ้างประจำ)',2,28,2556, '.28.1.0')
insert into BGT_BUDGETTYPE (ID, NAME, "IDX", PARENT_BGT_BUDGETTYPE_ID, FISCALYEAR, PARENTPATH) values (32,'รายการค่าจ้างประจำอื่น ๆ',3,28,2556, '.28.1.0')
insert into BGT_BUDGETTYPE (ID, NAME, "IDX", PARENT_BGT_BUDGETTYPE_ID, FISCALYEAR, PARENTPATH) values (33,'เงินเพิ่มค่าจ้างประจำ',4,28,2556, '.28.1.0')
insert into BGT_BUDGETTYPE (ID, NAME, "IDX", PARENT_BGT_BUDGETTYPE_ID, FISCALYEAR, PARENTPATH) values (34,'เงิน พ.ส.ร. (ค่าจ้างประจำ)',5,28,2556, '.28.1.0')
insert into BGT_BUDGETTYPE (ID, NAME, "IDX", PARENT_BGT_BUDGETTYPE_ID, FISCALYEAR, PARENTPATH) values (35,'เงิน พ.ข.ต. (ค่าจ้างประจำ)',6,28,2556, '.28.1.0')
insert into BGT_BUDGETTYPE (ID, NAME, "IDX", PARENT_BGT_BUDGETTYPE_ID, FISCALYEAR, PARENTPATH) values (36,'เงิน ย.ช. (ค่าจ้างประจำ)',7,28,2556, '.28.1.0')
insert into BGT_BUDGETTYPE (ID, NAME, "IDX", PARENT_BGT_BUDGETTYPE_ID, FISCALYEAR, PARENTPATH) values (37,'เงิน ส.ป.พ. (ค่าจ้างประจำ)',8,28,2556, '.28.1.0')
insert into BGT_BUDGETTYPE (ID, NAME, "IDX", PARENT_BGT_BUDGETTYPE_ID, FISCALYEAR, PARENTPATH) values (38,'เงินค่าตอบแทนรายเดือนสำหรับลูกจ้างประจำ',9,28,2556, '.28.1.0')
insert into BGT_BUDGETTYPE (ID, NAME, "IDX", PARENT_BGT_BUDGETTYPE_ID, FISCALYEAR, PARENTPATH) values (39,'เงินช่วยเหลือการครองชีพพิเศษ',10,28,2556, '.28.1.0')
insert into BGT_BUDGETTYPE (ID, NAME, "IDX", PARENT_BGT_BUDGETTYPE_ID, FISCALYEAR, PARENTPATH) values (40,'เงินเพิ่มพิเศษอื่น (ค่าจ้างประจำ)',11,28,2556, '.28.1.0')
insert into BGT_BUDGETTYPE (ID, NAME, "IDX", PARENT_BGT_BUDGETTYPE_ID, FISCALYEAR, PARENTPATH) values (41,'ค่าจ้างชั่วคราว',2,1,2556, '.28.1.0')
insert into BGT_BUDGETTYPE (ID, NAME, "IDX", PARENT_BGT_BUDGETTYPE_ID, FISCALYEAR, PARENTPATH) values (42,'ค่าจ้างรายเดือน',0,41,2556, '.41.28.1.0')
insert into BGT_BUDGETTYPE (ID, NAME, "IDX", PARENT_BGT_BUDGETTYPE_ID, FISCALYEAR, PARENTPATH) values (43,'ค่าจ้างรายวัน',1,41,2556, '.41.28.1.0')
insert into BGT_BUDGETTYPE (ID, NAME, "IDX", PARENT_BGT_BUDGETTYPE_ID, FISCALYEAR, PARENTPATH) values (44,'ค่าจ้างรายชั่วโมง',2,41,2556, '.41.28.1.0')
insert into BGT_BUDGETTYPE (ID, NAME, "IDX", PARENT_BGT_BUDGETTYPE_ID, FISCALYEAR, PARENTPATH) values (45,'ค่าจ้างชั่วคราว[จังหวัด/เล่มเขียว]',3,41,2556, '.41.28.1.0')
insert into BGT_BUDGETTYPE (ID, NAME, "IDX", PARENT_BGT_BUDGETTYPE_ID, FISCALYEAR, PARENTPATH) values (46,'ค่าจ้างชั่วคราว[EvMis]',4,41,2556, '.41.28.1.0')
insert into BGT_BUDGETTYPE (ID, NAME, "IDX", PARENT_BGT_BUDGETTYPE_ID, FISCALYEAR, PARENTPATH) values (47,'ค่าตอบแทนพนักงานราชการ',3,1,2556, '.3.1.0')
insert into BGT_BUDGETTYPE (ID, NAME, "IDX", PARENT_BGT_BUDGETTYPE_ID, FISCALYEAR, PARENTPATH) values (48,'ค่าตอบแทนพนักงานราชการ',0,47,2556, '.47.3.1.0')
insert into BGT_BUDGETTYPE (ID, NAME, "IDX", PARENT_BGT_BUDGETTYPE_ID, FISCALYEAR, PARENTPATH) values (49,'ค่าตอบแทนพนักงานราชการ[จังหวัด/เล่มเขียว]',1,47,2556, '.47.3.1.0')
insert into BGT_BUDGETTYPE (ID, NAME, "IDX", PARENT_BGT_BUDGETTYPE_ID, FISCALYEAR, PARENTPATH) values (50,'ค่าตอบแทนพนักงานราชการ[EvMis]',2,47,2556, '.47.3.1.0')
insert into BGT_BUDGETTYPE (ID, NAME, "IDX", PARENT_BGT_BUDGETTYPE_ID, FISCALYEAR, PARENTPATH) values (51,'ค่าตอบแทน',0,2,2556, '.2.0')
insert into BGT_BUDGETTYPE (ID, NAME, "IDX", PARENT_BGT_BUDGETTYPE_ID, FISCALYEAR, PARENTPATH) values (52,'ค่าอาหารทำการนอกเวลา',0,51,2556, '.51.2.0')
insert into BGT_BUDGETTYPE (ID, NAME, "IDX", PARENT_BGT_BUDGETTYPE_ID, FISCALYEAR, PARENTPATH) values (53,'ค่าเช่าบ้าน',1,51,2556, '.51.2.0')
insert into BGT_BUDGETTYPE (ID, NAME, "IDX", PARENT_BGT_BUDGETTYPE_ID, FISCALYEAR, PARENTPATH) values (54,'ค่าตอบแทนผู้ปฏิบัติงานให้ราชการ',2,51,2556, '.51.2.0')
insert into BGT_BUDGETTYPE (ID, NAME, "IDX", PARENT_BGT_BUDGETTYPE_ID, FISCALYEAR, PARENTPATH) values (55,'ค่าเบี้ยประชุมกรรมการ',3,51,2556, '.51.2.0')
insert into BGT_BUDGETTYPE (ID, NAME, "IDX", PARENT_BGT_BUDGETTYPE_ID, FISCALYEAR, PARENTPATH) values (56,'เงินตอบแทนตำแหน่งกำนัน ผู้ใหญ่บ้าน',4,51,2556, '.51.2.0')
insert into BGT_BUDGETTYPE (ID, NAME, "IDX", PARENT_BGT_BUDGETTYPE_ID, FISCALYEAR, PARENTPATH) values (57,'เงินพิเศษจ่ายแก่ลูกจ้างในต่างประเทศ',5,51,2556, '.51.2.0')
insert into BGT_BUDGETTYPE (ID, NAME, "IDX", PARENT_BGT_BUDGETTYPE_ID, FISCALYEAR, PARENTPATH) values (58,'ค่าตอบแทนพิเศษวิทยากรสัมมนาและฝึกอบรม',6,51,2556, '.51.2.0')
insert into BGT_BUDGETTYPE (ID, NAME, "IDX", PARENT_BGT_BUDGETTYPE_ID, FISCALYEAR, PARENTPATH) values (59,'รายการค่าตอบแทนอื่น ๆ',7,51,2556, '.51.2.0')
insert into BGT_BUDGETTYPE (ID, NAME, "IDX", PARENT_BGT_BUDGETTYPE_ID, FISCALYEAR, PARENTPATH) values (60,'ค่าตอบแทนพิเศษเงินเดือนเต็มขั้น',8,51,2556, '.51.2.0')
insert into BGT_BUDGETTYPE (ID, NAME, "IDX", PARENT_BGT_BUDGETTYPE_ID, FISCALYEAR, PARENTPATH) values (61,'ค่าตอบแทน ใช้สอยและวัสดุ[จังหวัด/เล่มเขียว]',9,51,2556, '.51.2.0')
insert into BGT_BUDGETTYPE (ID, NAME, "IDX", PARENT_BGT_BUDGETTYPE_ID, FISCALYEAR, PARENTPATH) values (62,'ค่าตอบแทน ใช้สอยและวัสดุ[EvMis]',10,51,2556, '.51.2.0')
insert into BGT_BUDGETTYPE (ID, NAME, "IDX", PARENT_BGT_BUDGETTYPE_ID, FISCALYEAR, PARENTPATH) values (63,'ค่าตอบแทนวิทยากร',11,51,2556, '.51.2.0')
insert into BGT_BUDGETTYPE (ID, NAME, "IDX", PARENT_BGT_BUDGETTYPE_ID, FISCALYEAR, PARENTPATH) values (64,'ค่าใช้สอย',1,2,2556, '.2.0')
insert into BGT_BUDGETTYPE (ID, NAME, "IDX", PARENT_BGT_BUDGETTYPE_ID, FISCALYEAR, PARENTPATH) values (65,'ค่าเบี้ยเลี้ยง ค่าเช่าที่พักและค่าพาหนะ',0,64,2556, '.64.2.0')
insert into BGT_BUDGETTYPE (ID, NAME, "IDX", PARENT_BGT_BUDGETTYPE_ID, FISCALYEAR, PARENTPATH) values (66,'ค่าซ่อมแซมยานพาหนะและขนส่ง',1,64,2556, '.64.2.0')
insert into BGT_BUDGETTYPE (ID, NAME, "IDX", PARENT_BGT_BUDGETTYPE_ID, FISCALYEAR, PARENTPATH) values (67,'ค่าซ่อมแซมครุภัณฑ์',2,64,2556, '.64.2.0')
insert into BGT_BUDGETTYPE (ID, NAME, "IDX", PARENT_BGT_BUDGETTYPE_ID, FISCALYEAR, PARENTPATH) values (68,'ค่าซ่อมแซมสิ่งก่อสร้าง',3,64,2556, '.64.2.0')
insert into BGT_BUDGETTYPE (ID, NAME, "IDX", PARENT_BGT_BUDGETTYPE_ID, FISCALYEAR, PARENTPATH) values (69,'ค่าเช่าทรัพย์สิน',4,64,2556, '.64.2.0')
insert into BGT_BUDGETTYPE (ID, NAME, "IDX", PARENT_BGT_BUDGETTYPE_ID, FISCALYEAR, PARENTPATH) values (70,'ค่าจ้างเหมาบริการ',5,64,2556, '.64.2.0')
insert into BGT_BUDGETTYPE (ID, NAME, "IDX", PARENT_BGT_BUDGETTYPE_ID, FISCALYEAR, PARENTPATH) values (71,'ค่าใช้จ่ายในการสัมมนาและฝึกอบรม',6,64,2556, '.64.2.0')
insert into BGT_BUDGETTYPE (ID, NAME, "IDX", PARENT_BGT_BUDGETTYPE_ID, FISCALYEAR, PARENTPATH) values (72,'ค่ารับรองและพิธีการ',7,64,2556, '.64.2.0')
insert into BGT_BUDGETTYPE (ID, NAME, "IDX", PARENT_BGT_BUDGETTYPE_ID, FISCALYEAR, PARENTPATH) values (73,'ค่าภาษีและค่าธรรมเนียม',8,64,2556, '.64.2.0')
insert into BGT_BUDGETTYPE (ID, NAME, "IDX", PARENT_BGT_BUDGETTYPE_ID, FISCALYEAR, PARENTPATH) values (74,'เงินสมทบกองทุนประกันสังคม',9,64,2556, '.64.2.0')
insert into BGT_BUDGETTYPE (ID, NAME, "IDX", PARENT_BGT_BUDGETTYPE_ID, FISCALYEAR, PARENTPATH) values (75,'ค่าใช้จ่ายในการเดินทางไปราชการต่างประเทศชั่วคราว',10,64,2556 , '.64.2.0')
insert into BGT_BUDGETTYPE (ID, NAME, "IDX", PARENT_BGT_BUDGETTYPE_ID, FISCALYEAR, PARENTPATH) values (76,'ค่าโฆษณาและเผยแพร่',11,64,2556, '.64.2.0')
insert into BGT_BUDGETTYPE (ID, NAME, "IDX", PARENT_BGT_BUDGETTYPE_ID, FISCALYEAR, PARENTPATH) values (77,'ค่าประชาสัมพันธ์',12,64,2556, '.64.2.0')
insert into BGT_BUDGETTYPE (ID, NAME, "IDX", PARENT_BGT_BUDGETTYPE_ID, FISCALYEAR, PARENTPATH) values (78,'ค่ารางวัล',13,64,2556, '.64.2.0')
insert into BGT_BUDGETTYPE (ID, NAME, "IDX", PARENT_BGT_BUDGETTYPE_ID, FISCALYEAR, PARENTPATH) values (79,'ค่าอาหารผู้ต้องหา',14,64,2556, '.64.2.0')
insert into BGT_BUDGETTYPE (ID, NAME, "IDX", PARENT_BGT_BUDGETTYPE_ID, FISCALYEAR, PARENTPATH) values (80,'ค่าย้ายถิ่นที่อยู่',15,64,2556, '.64.2.0')
insert into BGT_BUDGETTYPE (ID, NAME, "IDX", PARENT_BGT_BUDGETTYPE_ID, FISCALYEAR, PARENTPATH) values (81,'ค่าเครื่องแต่งกาย',16,64,2556, '.64.2.0')
insert into BGT_BUDGETTYPE (ID, NAME, "IDX", PARENT_BGT_BUDGETTYPE_ID, FISCALYEAR, PARENTPATH) values (82,'ค่าประกันภัย',17,64,2556, '.64.2.0')
insert into BGT_BUDGETTYPE (ID, NAME, "IDX", PARENT_BGT_BUDGETTYPE_ID, FISCALYEAR, PARENTPATH) values (83,'ค่าใช้จ่ายในการฝึกอาชีพ',18,64,2556, '.64.2.0')
insert into BGT_BUDGETTYPE (ID, NAME, "IDX", PARENT_BGT_BUDGETTYPE_ID, FISCALYEAR, PARENTPATH) values (84,'ค่าใช้จ่ายในการบำรุงรักษาเครื่องปรับอากาศ',19,64,2556, '.64.2.0')
insert into BGT_BUDGETTYPE (ID, NAME, "IDX", PARENT_BGT_BUDGETTYPE_ID, FISCALYEAR, PARENTPATH) values (85,'ค่าเช่าสำนักงานในต่างประเทศ',20,64,2556, '.64.2.0')
insert into BGT_BUDGETTYPE (ID, NAME, "IDX", PARENT_BGT_BUDGETTYPE_ID, FISCALYEAR, PARENTPATH) values (86,'ค่าเช่ารถยนต์',21,64,2556, '.64.2.0')
insert into BGT_BUDGETTYPE (ID, NAME, "IDX", PARENT_BGT_BUDGETTYPE_ID, FISCALYEAR, PARENTPATH) values (87,'ค่าใช้สอยอื่น ๆ',22,64,2556, '.64.2.0')
insert into BGT_BUDGETTYPE (ID, NAME, "IDX", PARENT_BGT_BUDGETTYPE_ID, FISCALYEAR, PARENTPATH) values (88,'ค่าใช้จ่ายในการสัมมนาและฝึกอบรม (การจัดตั้งกลุ่มเกษตรผู้ใช้น้ำและการฝึกอบรม)',23,64,2556, '.64.2.0')
insert into BGT_BUDGETTYPE (ID, NAME, "IDX", PARENT_BGT_BUDGETTYPE_ID, FISCALYEAR, PARENTPATH) values (89,'ค่าสาธารณูปโภค',2,2,2556, '.2.0')
insert into BGT_BUDGETTYPE (ID, NAME, "IDX", PARENT_BGT_BUDGETTYPE_ID, FISCALYEAR, PARENTPATH) values (90,'ค่าโทรศัพท์',0,89,2556, '.89.2.0')
insert into BGT_BUDGETTYPE (ID, NAME, "IDX", PARENT_BGT_BUDGETTYPE_ID, FISCALYEAR, PARENTPATH) values (91,'ค่าประปา',1,89,2556, '.89.2.0')
insert into BGT_BUDGETTYPE (ID, NAME, "IDX", PARENT_BGT_BUDGETTYPE_ID, FISCALYEAR, PARENTPATH) values (92,'ค่าไปรษณีย์โทรเลข',2,89,2556, '.89.2.0')
insert into BGT_BUDGETTYPE (ID, NAME, "IDX", PARENT_BGT_BUDGETTYPE_ID, FISCALYEAR, PARENTPATH) values (93,'ค่าไฟฟ้า',3,89,2556, '.89.2.0')
insert into BGT_BUDGETTYPE (ID, NAME, "IDX", PARENT_BGT_BUDGETTYPE_ID, FISCALYEAR, PARENTPATH) values (94,'ค่าบริการสื่อสารและโทรคมนาคม',4,89,2556, '.89.2.0')
insert into BGT_BUDGETTYPE (ID, NAME, "IDX", PARENT_BGT_BUDGETTYPE_ID, FISCALYEAR, PARENTPATH) values (95,'ค่าสาธารณูปโภคอื่น ๆ',5,89,2556, '.89.2.0')
insert into BGT_BUDGETTYPE (ID, NAME, "IDX", PARENT_BGT_BUDGETTYPE_ID, FISCALYEAR, PARENTPATH) values (96,'ค่าบริการสื่อสารและโทรคมนาคม (ค่าระบบเครือข่ายและบริการ Internet)',6,89,2556, '.89.2.0')
insert into BGT_BUDGETTYPE (ID, NAME, "IDX", PARENT_BGT_BUDGETTYPE_ID, FISCALYEAR, PARENTPATH) values (97,'ค่าสาธารณูปโภค[จังหวัด/เล่มเขียว]',7,89,2556, '.89.2.0')
insert into BGT_BUDGETTYPE (ID, NAME, "IDX", PARENT_BGT_BUDGETTYPE_ID, FISCALYEAR, PARENTPATH) values (98,'ค่าสาธารณูปโภค[EvMis]',8,89,2556, '.89.2.0')
insert into BGT_BUDGETTYPE (ID, NAME, "IDX", PARENT_BGT_BUDGETTYPE_ID, FISCALYEAR, PARENTPATH) values (99,'ค่าวัสดุ',3,2,2556, '.2.0')
insert into BGT_BUDGETTYPE (ID, NAME, "IDX", PARENT_BGT_BUDGETTYPE_ID, FISCALYEAR, PARENTPATH) values (100,'วัสดุสำนักงาน',0,99,2556, '.99.2.0')
insert into BGT_BUDGETTYPE (ID, NAME, "IDX", PARENT_BGT_BUDGETTYPE_ID, FISCALYEAR, PARENTPATH) values (101,'วัสดุเชื้อเพลิงและหล่อลื่น',1,99,2556, '.99.2.0')
insert into BGT_BUDGETTYPE (ID, NAME, "IDX", PARENT_BGT_BUDGETTYPE_ID, FISCALYEAR, PARENTPATH) values (102,'วัสดุก่อสร้าง',2,99,2556, '.99.2.0')
insert into BGT_BUDGETTYPE (ID, NAME, "IDX", PARENT_BGT_BUDGETTYPE_ID, FISCALYEAR, PARENTPATH) values (103,'วัสดุงานบ้านงานครัว',3,99,2556, '.99.2.0')
insert into BGT_BUDGETTYPE (ID, NAME, "IDX", PARENT_BGT_BUDGETTYPE_ID, FISCALYEAR, PARENTPATH) values (104,'วัสดุไฟฟ้าและวิทยุ',4,99,2556, '.99.2.0')
insert into BGT_BUDGETTYPE (ID, NAME, "IDX", PARENT_BGT_BUDGETTYPE_ID, FISCALYEAR, PARENTPATH) values (105,'วัสดุโฆษณาและเผยแพร่',5,99,2556, '.99.2.0')
insert into BGT_BUDGETTYPE (ID, NAME, "IDX", PARENT_BGT_BUDGETTYPE_ID, FISCALYEAR, PARENTPATH) values (106,'วัสดุเวชภัณฑ์',6,99,2556, '.99.2.0')
insert into BGT_BUDGETTYPE (ID, NAME, "IDX", PARENT_BGT_BUDGETTYPE_ID, FISCALYEAR, PARENTPATH) values (107,'วัสดุวิทยาศาสตร์และการแพทย์',7,99,2556, '.99.2.0')
insert into BGT_BUDGETTYPE (ID, NAME, "IDX", PARENT_BGT_BUDGETTYPE_ID, FISCALYEAR, PARENTPATH) values (108,'วัสดุยุทธภัณฑ์',8,99,2556, '.99.2.0')
insert into BGT_BUDGETTYPE (ID, NAME, "IDX", PARENT_BGT_BUDGETTYPE_ID, FISCALYEAR, PARENTPATH) values (109,'วัสดุสนามและการฝึก',9,99,2556, '.99.2.0')
insert into BGT_BUDGETTYPE (ID, NAME, "IDX", PARENT_BGT_BUDGETTYPE_ID, FISCALYEAR, PARENTPATH) values (110,'วัสดุการศึกษา',10,99,2556, '.99.2.0')
insert into BGT_BUDGETTYPE (ID, NAME, "IDX", PARENT_BGT_BUDGETTYPE_ID, FISCALYEAR, PARENTPATH) values (111,'วัสดุหนังสือ วารสาร และตำรา',11,99,2556, '.99.2.0')
insert into BGT_BUDGETTYPE (ID, NAME, "IDX", PARENT_BGT_BUDGETTYPE_ID, FISCALYEAR, PARENTPATH) values (112,'วัสดุคอมพิวเตอร์',12,99,2556, '.99.2.0')
insert into BGT_BUDGETTYPE (ID, NAME, "IDX", PARENT_BGT_BUDGETTYPE_ID, FISCALYEAR, PARENTPATH) values (113,'วัสดุเครื่องแต่งกาย',13,99,2556, '.99.2.0')
insert into BGT_BUDGETTYPE (ID, NAME, "IDX", PARENT_BGT_BUDGETTYPE_ID, FISCALYEAR, PARENTPATH) values (114,'วัสดุอาหาร',14,99,2556, '.99.2.0')
insert into BGT_BUDGETTYPE (ID, NAME, "IDX", PARENT_BGT_BUDGETTYPE_ID, FISCALYEAR, PARENTPATH) values (115,'วัสดุการเกษตร',15,99,2556, '.99.2.0')
insert into BGT_BUDGETTYPE (ID, NAME, "IDX", PARENT_BGT_BUDGETTYPE_ID, FISCALYEAR, PARENTPATH) values (116,'วัสดุยานพาหนะและขนส่ง',16,99,2556, '.99.2.0')
insert into BGT_BUDGETTYPE (ID, NAME, "IDX", PARENT_BGT_BUDGETTYPE_ID, FISCALYEAR, PARENTPATH) values (117,'วัสดุอื่น ๆ',17,99,2556, '.99.2.0')
insert into BGT_BUDGETTYPE (ID, NAME, "IDX", PARENT_BGT_BUDGETTYPE_ID, FISCALYEAR, PARENTPATH) values (118,'วัสดุในการจัดทำแผนที่',18,99,2556, '.99.2.0')
insert into BGT_BUDGETTYPE (ID, NAME, "IDX", PARENT_BGT_BUDGETTYPE_ID, FISCALYEAR, PARENTPATH) values (119,'วัสดุภาพถ่ายดาวเทียม',19,99,2556, '.99.2.0')
insert into BGT_BUDGETTYPE (ID, NAME, "IDX", PARENT_BGT_BUDGETTYPE_ID, FISCALYEAR, PARENTPATH) values (120,'วัสดุภาคสนาม',20,99,2556, '.99.2.0')
insert into BGT_BUDGETTYPE (ID, NAME, "IDX", PARENT_BGT_BUDGETTYPE_ID, FISCALYEAR, PARENTPATH) values (121,'ครุภัณฑ์',0,3,2556, '.3.0')
insert into BGT_BUDGETTYPE (ID, NAME, "IDX", PARENT_BGT_BUDGETTYPE_ID, FISCALYEAR, PARENTPATH) values (122,'ที่ดิน สิ่งก่อสร้าง',1,3,2556, '3.0')
insert into BGT_BUDGETTYPE (ID, NAME, "IDX", PARENT_BGT_BUDGETTYPE_ID, FISCALYEAR, PARENTPATH) values (123,'เบิกจ่ายลักษณะงบบุคลากร',0,5,2556, '.5.0')
insert into BGT_BUDGETTYPE (ID, NAME, "IDX", PARENT_BGT_BUDGETTYPE_ID, FISCALYEAR, PARENTPATH) values (124,'เบิกจ่ายลักษณะงบดำเนินการ',1,5,2556, '.5.0')
insert into BGT_BUDGETTYPE (ID, NAME, "IDX", PARENT_BGT_BUDGETTYPE_ID, FISCALYEAR, PARENTPATH) values (125,'เบิกจ่ายลักษณะงบลงทุน',2,5,2556, '.5.0')




insert into HRX_ORGANIZATION (ID, NAME, "IDX", PARENT_HRX_ORGANIZATION_ID) values (1,'กลุ่มตรวจสอบภายใน',0,NULL)
insert into HRX_ORGANIZATION (ID, NAME, "IDX", PARENT_HRX_ORGANIZATION_ID) values (2,'กลุ่มพัฒนาระบบบริหาร',1,NULL)
insert into HRX_ORGANIZATION (ID, NAME, "IDX", PARENT_HRX_ORGANIZATION_ID) values (3,'สำนักงานเลขานุการกรม',2,NULL)
insert into HRX_ORGANIZATION (ID, NAME, "IDX", PARENT_HRX_ORGANIZATION_ID) values (4,'กองการเจ้าหน้าที่',3,NULL)
insert into HRX_ORGANIZATION (ID, NAME, "IDX", PARENT_HRX_ORGANIZATION_ID) values (5,'กองการคลัง',4,NULL)
insert into HRX_ORGANIZATION (ID, NAME, "IDX", PARENT_HRX_ORGANIZATION_ID) values (6,'สำนักวิศวกรรมเพื่อการพัฒนาที่ดิน',5,NULL)
insert into HRX_ORGANIZATION (ID, NAME, "IDX", PARENT_HRX_ORGANIZATION_ID) values (7,'กองแผนงาน',6,NULL)
insert into HRX_ORGANIZATION (ID, NAME, "IDX", PARENT_HRX_ORGANIZATION_ID) values (8,'สำนักเทคโนโลยีการสำรวจและทำแผนที่',7,NULL)
insert into HRX_ORGANIZATION (ID, NAME, "IDX", PARENT_HRX_ORGANIZATION_ID) values (9,'ศูนย์สารสนเทศ',8,NULL)
insert into HRX_ORGANIZATION (ID, NAME, "IDX", PARENT_HRX_ORGANIZATION_ID) values (10,'สำนักวิจัยและพัฒนาการจัดการที่ดิน',9,NULL)
insert into HRX_ORGANIZATION (ID, NAME, "IDX", PARENT_HRX_ORGANIZATION_ID) values (11,'สำนักวิทยาศาสตร์เพื่อการพัฒนาที่ดิน',10,NULL)
insert into HRX_ORGANIZATION (ID, NAME, "IDX", PARENT_HRX_ORGANIZATION_ID) values (12,'สำนักสำรวจและวางแผนการใช้ที่ดิน',11,NULL)
insert into HRX_ORGANIZATION (ID, NAME, ABBR, "IDX", PARENT_HRX_ORGANIZATION_ID) values (13,'สำนักงานพัฒนาทีดินเขต 1','สพด1', 12,NULL)
insert into HRX_ORGANIZATION (ID, NAME, ABBR, "IDX", PARENT_HRX_ORGANIZATION_ID) values (14,'สำนักงานพัฒนาทีดินเขต 2','สพด2',13,NULL)
insert into HRX_ORGANIZATION (ID, NAME, ABBR, "IDX", PARENT_HRX_ORGANIZATION_ID) values (15,'สำนักงานพัฒนาทีดินเขต 3','สพด3',14,NULL)
insert into HRX_ORGANIZATION (ID, NAME, ABBR, "IDX", PARENT_HRX_ORGANIZATION_ID) values (16,'สำนักงานพัฒนาทีดินเขต 4','สพด4',15,NULL)
insert into HRX_ORGANIZATION (ID, NAME, ABBR, "IDX", PARENT_HRX_ORGANIZATION_ID) values (17,'สำนักงานพัฒนาทีดินเขต 5','สพด5',16,NULL)
insert into HRX_ORGANIZATION (ID, NAME, ABBR, "IDX", PARENT_HRX_ORGANIZATION_ID) values (18,'สำนักงานพัฒนาทีดินเขต 6','สพด6',17,NULL)
insert into HRX_ORGANIZATION (ID, NAME, ABBR, "IDX", PARENT_HRX_ORGANIZATION_ID) values (19,'สำนักงานพัฒนาทีดินเขต 7','สพด7',18,NULL)
insert into HRX_ORGANIZATION (ID, NAME, ABBR, "IDX", PARENT_HRX_ORGANIZATION_ID) values (20,'สำนักงานพัฒนาทีดินเขต 8','สพด8',19,NULL)
insert into HRX_ORGANIZATION (ID, NAME, ABBR, "IDX", PARENT_HRX_ORGANIZATION_ID) values (21,'สำนักงานพัฒนาทีดินเขต 9','สพด9',20,NULL)
insert into HRX_ORGANIZATION (ID, NAME, ABBR, "IDX", PARENT_HRX_ORGANIZATION_ID) values (22,'สำนักงานพัฒนาทีดินเขต 10','สพด10',21,NULL)
insert into HRX_ORGANIZATION (ID, NAME, ABBR, "IDX", PARENT_HRX_ORGANIZATION_ID) values (23,'สำนักงานพัฒนาทีดินเขต 11','สพด11',22,NULL)
insert into HRX_ORGANIZATION (ID, NAME, ABBR, "IDX", PARENT_HRX_ORGANIZATION_ID) values (24,'สำนักงานพัฒนาทีดินเขต 12','สพด12',23,NULL)

insert into HRX_PERSON(ID, FIRSTNAME, LASTNAME, WORKAT_HRX_ORGANIZATION_ID) values (1, 'สมชาย', 'คนดี', 16)
insert into HRX_PERSON(ID, FIRSTNAME, LASTNAME, WORKAT_HRX_ORGANIZATION_ID) values (2, 'สมปอง', 'ใจเด็ด', 12)

insert into SEC_USER(ID, USERNAME, PASSWORD, PERSON_HRX_PERSON_ID) values (1, 'somchai', '1234', 1)
insert into SEC_USER(ID, USERNAME, PASSWORD, PERSON_HRX_PERSON_ID) values (2, 'sompong', '1234', 2)


